epoch,lr,train_loss,train_reg,train_ord,train_con,val_mae,val_min_recall,val_balanced_acc,val_strategy,per_class,sec
0,5e-05,0.9379,0.5092,0.4111,0.1171,9.066,0.0,0.2981,reg_expanded,0.00;0.08;0.33;0.78,434.2
1,0.0001,0.7262,0.3658,0.349,0.0763,8.816,0.0,0.3042,reg_expanded,0.00;0.07;0.38;0.77,431.3
2,0.0001,0.5774,0.2664,0.3026,0.0563,10.701,0.0,0.3438,reg_calibrated,0.00;0.43;0.58;0.36,430.8
3,9.987e-05,0.4991,0.2214,0.2713,0.043,9.61,0.0,0.3968,reg_calibrated,0.00;0.49;0.45;0.65,427.9
4,9.947e-05,0.433,0.1801,0.2479,0.0331,6.681,0.1728,0.4731,reg_expanded,0.17;0.48;0.57;0.67,427.8
5,9.88e-05,0.418,0.1782,0.2354,0.029,6.124,0.5062,0.5649,reg_expanded,0.51;0.63;0.51;0.62,427.6
6,9.788e-05,0.3687,0.1426,0.2226,0.0233,6.163,0.6061,0.6174,reg_expanded,0.63;0.63;0.61;0.61,427.1
7,9.67e-05,0.3412,0.1264,0.2116,0.021,5.652,0.6437,0.6513,reg_expanded,0.65;0.65;0.65;0.64,426.9
8,9.527e-05,0.3227,0.1174,0.2026,0.0173,5.385,0.6533,0.661,reg_expanded,0.65;0.65;0.65;0.68,426.4
9,9.36e-05,0.2949,0.0988,0.1939,0.0148,5.991,0.6748,0.685,reg_expanded,0.68;0.71;0.68;0.67,426.6
10,9.17e-05,0.2796,0.088,0.1894,0.014,5.24,0.6797,0.6834,reg_expanded,0.69;0.68;0.68;0.68,424.7
11,8.957e-05,0.26,0.0787,0.1795,0.0118,5.412,0.679,0.6872,reg_expanded,0.68;0.68;0.68;0.71,424.0
12,8.724e-05,0.2496,0.0713,0.1768,0.0101,4.715,0.679,0.6856,reg_expanded,0.68;0.69;0.68;0.69,427.4
13,8.47e-05,0.241,0.0684,0.1711,0.01,4.819,0.679,0.6814,reg_expanded,0.68;0.68;0.68;0.68,428.9
14,8.198e-05,0.2271,0.0598,0.1661,0.0083,4.766,0.671,0.6843,reg_expanded,0.68;0.68;0.67;0.71,425.5
15,7.909e-05,0.3245,0.0946,0.2281,0.0125,4.542,0.6667,0.6939,reg_expanded,0.69;0.67;0.68;0.74,424.7
16,7.605e-05,0.2872,0.072,0.2137,0.0102,4.427,0.6753,0.691,reg_calibrated,0.73;0.68;0.68;0.68,424.6
17,7.286e-05,0.2677,0.0618,0.2045,0.0088,5.209,0.6726,0.6891,reg_expanded,0.73;0.68;0.68;0.67,425.5
18,6.956e-05,0.2546,0.0542,0.1993,0.0077,4.93,0.68,0.6977,reg_expanded,0.74;0.68;0.68;0.69,425.3
19,6.614e-05,0.2408,0.0474,0.1924,0.0068,5.165,0.6797,0.6969,reg_expanded,0.74;0.68;0.68;0.69,428.2
20,6.265e-05,0.2342,0.0442,0.1891,0.0062,4.501,0.679,0.6855,reg_expanded,0.68;0.68;0.69;0.69,429.3
21,5.908e-05,0.2295,0.0424,0.1863,0.0057,4.471,0.6726,0.6871,reg_expanded,0.72;0.68;0.68;0.67,429.2
22,5.547e-05,0.2243,0.0394,0.1841,0.0052,4.444,0.68,0.703,reg_expanded,0.75;0.68;0.68;0.69,428.1
23,5.183e-05,0.2186,0.0368,0.181,0.0048,4.797,0.6837,0.6984,reg_expanded,0.73;0.69;0.69;0.68,427.0
24,4.817e-05,0.2137,0.0332,0.1799,0.0044,4.334,0.6859,0.7057,reg_calibrated,0.73;0.72;0.69;0.69,426.9
25,4.453e-05,0.209,0.0311,0.1773,0.0041,4.846,0.6826,0.7207,reg_expanded,0.77;0.75;0.69;0.68,428.9
26,4.092e-05,0.2108,0.0325,0.1777,0.0039,4.826,0.687,0.7054,reg_expanded,0.75;0.69;0.69;0.69,427.9
27,3.735e-05,0.2038,0.0282,0.175,0.0036,4.796,0.6903,0.6981,reg_expanded,0.72;0.69;0.69;0.69,428.0
28,3.386e-05,0.2011,0.0264,0.1741,0.0035,4.291,0.6915,0.6953,reg_expanded,0.70;0.69;0.69;0.69,427.3
29,3.044e-05,0.1952,0.0235,0.1712,0.0032,4.276,0.6903,0.695,reg_calibrated,0.70;0.69;0.69;0.69,427.8
30,2.714e-05,0.1932,0.0222,0.1705,0.003,4.377,0.6914,0.6974,reg_expanded,0.69;0.69;0.71;0.70,426.9
31,2.395e-05,0.1906,0.0224,0.1677,0.0029,4.372,0.6914,0.6963,reg_expanded,0.69;0.69;0.70;0.70,427.4
32,2.091e-05,0.1903,0.0217,0.1681,0.0028,4.723,0.6914,0.693,reg_expanded,0.69;0.69;0.69;0.69,427.1
33,1.802e-05,0.1877,0.0208,0.1665,0.0026,4.349,0.6914,0.695,reg_expanded,0.69;0.69;0.69;0.70,426.4
34,1.53e-05,0.1846,0.0186,0.1656,0.0025,4.926,0.6848,0.6936,reg_expanded,0.70;0.69;0.69;0.68,426.8
35,1.276e-05,0.1875,0.02,0.1672,0.0024,5.175,0.68,0.7049,reg_expanded,0.77;0.68;0.68;0.69,426.3
36,1.043e-05,0.1846,0.018,0.1662,0.0024,4.232,0.68,0.6924,reg_expanded,0.69;0.68;0.70;0.70,426.2
37,8.3e-06,0.1828,0.0173,0.1651,0.0024,4.474,0.68,0.6913,reg_expanded,0.69;0.68;0.71;0.69,426.0
38,6.4e-06,0.1816,0.0168,0.1644,0.0022,4.467,0.68,0.6917,reg_expanded,0.69;0.68;0.68;0.71,426.3
39,4.73e-06,0.1824,0.017,0.1651,0.0023,4.314,0.68,0.6842,reg_expanded,0.69;0.68;0.68;0.68,426.9
40,3.3e-06,0.1804,0.0153,0.1648,0.0022,5.093,0.6797,0.7094,reg_expanded,0.78;0.69;0.68;0.69,425.2
41,2.12e-06,0.1825,0.0188,0.1634,0.0022,4.301,0.68,0.6917,reg_expanded,0.72;0.68;0.69;0.68,431.2
42,1.2e-06,0.1789,0.0152,0.1634,0.0021,4.298,0.68,0.6892,reg_expanded,0.70;0.68;0.69;0.68,425.0
43,5.3e-07,0.1802,0.0156,0.1643,0.0022,4.286,0.687,0.69,reg_expanded,0.69;0.69;0.69;0.69,427.5
44,1.3e-07,0.1816,0.0161,0.1652,0.0022,4.28,0.687,0.69,reg_expanded,0.69;0.69;0.69;0.69,423.3
