epoch,lr,train_loss,train_reg,train_ord,train_con,train_class,train_nll,train_rank,val_mae,val_min_recall,val_balanced_acc,val_strategy,per_class,sec
0,5e-05,1.639,0.4186,0.3704,0.0507,0.9119,0.5155,0.6335,8.675,0.0,0.2798,class_argmax,0.23;0.11;0.78;0.00,277.7
1,0.0001,1.3442,0.3306,0.3219,0.035,0.8085,0.3687,0.48,8.076,0.0,0.2493,class_argmax,0.00;0.00;0.99;0.01,277.1
2,0.0001,1.0984,0.261,0.2862,0.0267,0.7332,0.2116,0.3658,7.438,0.0,0.2982,class_argmax,0.00;0.00;0.96;0.24,276.7
3,9.987e-05,0.9841,0.2257,0.2713,0.0238,0.701,0.1292,0.3341,6.695,0.0377,0.3771,class_argmax,0.12;0.04;0.85;0.50,276.8
4,9.947e-05,0.8658,0.1963,0.252,0.0196,0.6588,0.0474,0.3009,5.967,0.2264,0.5039,class_argmax,0.40;0.23;0.80;0.59,276.4
5,9.88e-05,0.7744,0.1723,0.239,0.017,0.6347,-0.029,0.2819,5.496,0.3396,0.5683,class_argmax,0.60;0.34;0.73;0.61,276.8
6,9.788e-05,0.6974,0.1517,0.2284,0.0147,0.6115,-0.0926,0.2718,5.205,0.3774,0.6011,class_argmax,0.68;0.38;0.69;0.65,277.3
7,9.67e-05,0.6118,0.1317,0.2181,0.013,0.588,-0.1677,0.2433,4.975,0.3585,0.6033,class_argmax,0.70;0.36;0.66;0.69,278.0
8,9.527e-05,0.5449,0.1164,0.2092,0.0113,0.5695,-0.2312,0.2369,4.794,0.3962,0.6244,class_argmax,0.74;0.40;0.65;0.72,279.2
9,9.36e-05,0.4781,0.1015,0.2007,0.0105,0.5476,-0.2893,0.2202,4.608,0.3962,0.6344,class_argmax,0.75;0.40;0.63;0.76,277.1
10,9.17e-05,0.4381,0.0959,0.1946,0.0096,0.5339,-0.328,0.2115,4.46,0.3774,0.6368,class_argmax,0.79;0.38;0.59;0.79,276.4
11,8.957e-05,0.3775,0.0834,0.1888,0.0085,0.5185,-0.3954,0.2074,4.345,0.3774,0.646,class_argmax,0.81;0.38;0.58;0.82,276.2
12,8.724e-05,0.38,0.0851,0.1873,0.0078,0.5203,-0.3908,0.204,4.296,0.3962,0.6393,class_argmax,0.77;0.40;0.56;0.83,276.0
13,8.47e-05,0.3051,0.0716,0.179,0.0071,0.4956,-0.4669,0.1905,4.234,0.4151,0.6385,class_argmax,0.75;0.42;0.55;0.84,276.9
14,8.198e-05,0.2622,0.0633,0.1752,0.0065,0.4862,-0.5169,0.1861,4.2,0.4528,0.6539,class_argmax,0.77;0.45;0.55;0.84,279.3
15,7.909e-05,0.3883,0.0636,0.2385,0.0105,0.6482,-0.5257,0.1106,4.208,0.4717,0.6546,class_argmax,0.75;0.47;0.56;0.84,280.8
16,7.605e-05,0.2822,0.0503,0.2246,0.0088,0.6125,-0.647,0.1104,4.209,0.4906,0.6522,class_argmax,0.74;0.49;0.56;0.83,281.4
17,7.286e-05,0.2182,0.0452,0.2165,0.0079,0.5904,-0.7213,0.0982,4.236,0.4906,0.6596,class_argmax,0.75;0.49;0.57;0.82,282.1
18,6.956e-05,0.1758,0.0406,0.2105,0.0072,0.5795,-0.7734,0.0977,4.251,0.5472,0.6784,class_argmax,0.75;0.55;0.59;0.82,288.7
19,6.614e-05,0.139,0.038,0.2034,0.0067,0.5618,-0.8089,0.0963,4.256,0.566,0.6858,class_argmax,0.75;0.57;0.60;0.82,282.6
20,6.265e-05,0.1002,0.0343,0.2026,0.0062,0.5614,-0.8773,0.0967,4.257,0.566,0.6869,class_argmax,0.75;0.57;0.62;0.81,281.3
21,5.908e-05,0.0708,0.0331,0.195,0.0056,0.5421,-0.8969,0.0918,4.272,0.566,0.683,class_argmax,0.75;0.57;0.61;0.80,279.4
22,5.547e-05,0.0411,0.0301,0.1942,0.0053,0.5426,-0.9488,0.0914,4.289,0.566,0.6834,class_argmax,0.75;0.57;0.61;0.80,279.8
23,5.183e-05,0.0099,0.0278,0.1925,0.005,0.5399,-0.9994,0.0889,4.296,0.5849,0.6857,class_argmax,0.75;0.58;0.60;0.80,278.5
24,4.817e-05,0.0147,0.0276,0.1928,0.0047,0.5438,-0.9942,0.09,4.299,0.5849,0.6842,class_argmax,0.75;0.58;0.60;0.80,277.4
25,4.453e-05,-0.0082,0.0263,0.1934,0.0045,0.5451,-1.0397,0.0902,4.295,0.566,0.6826,class_argmax,0.75;0.57;0.60;0.81,281.5
26,4.092e-05,-0.0429,0.0252,0.1874,0.0042,0.5308,-1.079,0.0864,4.305,0.5988,0.6905,class_argmax,0.75;0.60;0.60;0.81,281.1
27,3.735e-05,-0.0624,0.0235,0.1847,0.004,0.5232,-1.1009,0.0848,4.308,0.5849,0.681,class_argmax,0.74;0.58;0.59;0.81,275.9
28,3.386e-05,-0.0726,0.0228,0.1839,0.0037,0.5218,-1.1172,0.0859,4.303,0.5849,0.6818,class_argmax,0.74;0.58;0.60;0.81,276.3
29,3.044e-05,-0.102,0.0208,0.1842,0.0035,0.5235,-1.1733,0.0835,4.307,0.5849,0.6786,class_argmax,0.72;0.58;0.60;0.81,276.2
30,2.714e-05,-0.1195,0.0199,0.1821,0.0035,0.5185,-1.1972,0.0836,4.312,0.5849,0.6726,class_argmax,0.70;0.58;0.60;0.81,276.2
31,2.395e-05,-0.1292,0.019,0.1827,0.0033,0.5209,-1.2184,0.0839,4.329,0.5849,0.6778,class_argmax,0.72;0.58;0.60;0.81,276.1
32,2.091e-05,-0.155,0.0181,0.1801,0.0031,0.5139,-1.2544,0.0805,4.343,0.6038,0.6793,class_argmax,0.70;0.60;0.60;0.81,276.0
33,1.802e-05,-0.1632,0.0179,0.1768,0.0031,0.5048,-1.2557,0.0824,4.352,0.5926,0.677,class_argmax,0.70;0.60;0.59;0.81,277.5
34,1.53e-05,-0.173,0.017,0.1793,0.003,0.5124,-1.2858,0.0818,4.364,0.6038,0.6845,class_argmax,0.72;0.60;0.60;0.81,276.2
35,1.276e-05,-0.19,0.0168,0.1776,0.0029,0.5068,-1.31,0.081,4.369,0.5988,0.6741,class_argmax,0.68;0.60;0.60;0.81,276.6
36,1.043e-05,-0.2144,0.0154,0.1758,0.0029,0.5021,-1.3472,0.0797,4.368,0.5988,0.6745,class_argmax,0.68;0.60;0.60;0.81,276.2
37,8.3e-06,-0.2155,0.0156,0.177,0.0029,0.5065,-1.3567,0.0802,4.373,0.5849,0.6718,class_argmax,0.68;0.58;0.60;0.81,276.0
38,6.4e-06,-0.2264,0.0146,0.178,0.0028,0.5094,-1.3807,0.0787,4.377,0.5849,0.6726,class_argmax,0.68;0.58;0.60;0.82,276.8
39,4.73e-06,-0.2321,0.0151,0.1752,0.0027,0.5008,-1.3791,0.0792,4.381,0.5472,0.6627,class_argmax,0.68;0.55;0.60;0.81,276.9
40,3.3e-06,-0.2386,0.0139,0.1775,0.0027,0.5081,-1.402,0.08,4.38,0.5472,0.6627,class_argmax,0.68;0.55;0.60;0.81,275.7
41,2.12e-06,-0.2526,0.014,0.1736,0.0027,0.4972,-1.4106,0.0778,4.376,0.5472,0.6658,class_argmax,0.68;0.55;0.62;0.81,276.2
42,1.2e-06,-0.2498,0.0139,0.1754,0.0027,0.5017,-1.4128,0.0777,4.376,0.5472,0.6646,class_argmax,0.68;0.55;0.62;0.81,279.3
43,5.3e-07,-0.2466,0.0137,0.176,0.0027,0.5035,-1.4097,0.0794,4.378,0.5472,0.6635,class_argmax,0.68;0.55;0.61;0.81,289.8
44,1.3e-07,-0.2562,0.0136,0.176,0.0027,0.5031,-1.4277,0.078,4.376,0.5472,0.6615,class_argmax,0.68;0.55;0.60;0.81,286.9
